﻿<genxml>
  <files />
  <hidden>
    <index>99</index>
  </hidden>
  <textbox>
    <ctrl>
      <![CDATA[nbrightpayboxajax]]>
    </ctrl>
    <name>
      <![CDATA[]]>
    </name>
    <icon>
      <![CDATA[]]>
    </icon>
    <group>
      <![CDATA[]]>
    </group>
    <path>
      <![CDATA[]]>
    </path>
    <help>
      <![CDATA[]]>
    </help>
    <roles>
      <![CDATA[]]>
    </roles>
    <description>
      <![CDATA[]]>
    </description>
    <assembly>
      <![CDATA[NBrightPayBox]]>
    </assembly>
    <namespaceclass>
      <![CDATA[NBrightPayBox.AjaxProvider]]>
    </namespaceclass>
  </textbox>
  <checkbox>
    <hidden>
      <![CDATA[True]]>
    </hidden>
    <active>
      <![CDATA[True]]>
    </active>
  </checkbox>
  <dropdownlist>
    <providertype selectedtext="Ajax">
      <![CDATA[12]]>
    </providertype>
  </dropdownlist>
  <checkboxlist />
  <radiobuttonlist />
</genxml>
